/* madang 계정으로 접속 실행하면 Emp, Dept 테이블이 생성된다. */
/* 오라클 데이터베이스에서 scott 계정으로 많이 사용되는 샘플 데이터베이스이다. */

use madangdb;

drop table if exists emp ;
drop table if exists dept;
drop table if exists salgrade;
CREATE TABLE IF NOT EXISTS DEPT (
  DEPTNO integer NOT NULL,
  DNAME varchar(14),
  LOC varchar(13),
  PRIMARY KEY (DEPTNO)
);

INSERT INTO DEPT (DEPTNO, DNAME, LOC) VALUES (10, 'ACCOUNTING', 'NEW YORK');
INSERT INTO DEPT (DEPTNO, DNAME, LOC) VALUES(20, 'RESEARCH', 'DALLAS');
INSERT INTO DEPT (DEPTNO, DNAME, LOC) VALUES(30, 'SALES', 'CHICAGO');
INSERT INTO DEPT (DEPTNO, DNAME, LOC) VALUES(40, 'OPERATIONS', 'BOSTON');

CREATE TABLE IF NOT EXISTS EMP (
  EMPNO integer NOT NULL PRIMARY KEY,
  ENAME varchar(10),
  JOB varchar(9),
  MGR integer,
  HIREDATE date,
  SAL integer,
  COMM integer,
  DEPTNO integer,
  FOREIGN KEY (deptno) REFERENCES Dept(deptno)
);

INSERT INTO EMP (EMPNO, ENAME, JOB, MGR, HIREDATE, SAL, COMM, DEPTNO) VALUES (7369, 'SMITH', 'CLERK', 7902, '1980-12-17 00:00:00', 800, NULL, 20);
INSERT INTO EMP (EMPNO, ENAME, JOB, MGR, HIREDATE, SAL, COMM, DEPTNO) VALUES (7499, 'ALLEN', 'SALESMAN', 7698, '1981-02-20 00:00:00', 1600, 300, 30);
INSERT INTO EMP (EMPNO, ENAME, JOB, MGR, HIREDATE, SAL, COMM, DEPTNO) VALUES (7521, 'WARD', 'SALESMAN', 7698, '1981-02-22 00:00:00', 1250, 500, 30);
INSERT INTO EMP (EMPNO, ENAME, JOB, MGR, HIREDATE, SAL, COMM, DEPTNO) VALUES (7566, 'JONES', 'MANAGER', 7839, '1981-04-02 00:00:00', 2975, NULL, 20);
INSERT INTO EMP (EMPNO, ENAME, JOB, MGR, HIREDATE, SAL, COMM, DEPTNO) VALUES (7654, 'MARTIN', 'SALESMAN', 7698, '1981-09-28 00:00:00', 1250, 1400, 30);
INSERT INTO EMP (EMPNO, ENAME, JOB, MGR, HIREDATE, SAL, COMM, DEPTNO) VALUES (7698, 'BLAKE', 'MANAGER', 7839, '1981-05-01 00:00:00', 2850, NULL, 30);
INSERT INTO EMP (EMPNO, ENAME, JOB, MGR, HIREDATE, SAL, COMM, DEPTNO) VALUES (7782, 'CLARK', 'MANAGER', 7839, '1981-06-09 00:00:00', 2450, NULL, 10);
INSERT INTO EMP (EMPNO, ENAME, JOB, MGR, HIREDATE, SAL, COMM, DEPTNO) VALUES (7788, 'SCOTT', 'ANALYST', 7566, '1987-04-19 00:00:00', 3000, NULL, 20);
INSERT INTO EMP (EMPNO, ENAME, JOB, MGR, HIREDATE, SAL, COMM, DEPTNO) VALUES (7839, 'KING', 'PRESIDENT', NULL, '1981-11-17 00:00:00', 5000, NULL, 10);
INSERT INTO EMP (EMPNO, ENAME, JOB, MGR, HIREDATE, SAL, COMM, DEPTNO) VALUES (7844, 'TURNER', 'SALESMAN', 7698, '1981-09-08 00:00:00', 1500, 0, 30);
INSERT INTO EMP (EMPNO, ENAME, JOB, MGR, HIREDATE, SAL, COMM, DEPTNO) VALUES (7876, 'ADAMS', 'CLERK', 7788, '1987-05-23 00:00:00', 1100, NULL, 20);
INSERT INTO EMP (EMPNO, ENAME, JOB, MGR, HIREDATE, SAL, COMM, DEPTNO) VALUES (7900, 'JAMES', 'CLERK', 7698, '1981-12-03 00:00:00', 950, NULL, 30);
INSERT INTO EMP (EMPNO, ENAME, JOB, MGR, HIREDATE, SAL, COMM, DEPTNO) VALUES (7902, 'FORD', 'ANALYST', 7566, '1981-12-03 00:00:00', 3000, NULL, 20);
INSERT INTO EMP (EMPNO, ENAME, JOB, MGR, HIREDATE, SAL, COMM, DEPTNO) VALUES (7934, 'MILLER', 'CLERK', 7782, '1982-01-23 00:00:00', 1300, NULL, 10);

CREATE TABLE IF NOT EXISTS SALGRADE(
	GRADE INTEGER,
	LOSAL INTEGER,
	HISAL INTEGER
	);

INSERT INTO SALGRADE VALUES (1, 700, 1200);
INSERT INTO SALGRADE VALUES (2, 1201, 1400);
INSERT INTO SALGRADE VALUES (3, 1401, 2000);
INSERT INTO SALGRADE VALUES (4, 2001, 3000);
INSERT INTO SALGRADE VALUES (5, 3001, 9999);

select * from emp; 